author,comments,downvotes,id,score,selftext,title,upvotes,subreddit
fuzzy,33,125,1rgsfl,463,I feel like I hear this alot often the story goes that they had in fact even predicted the return of Quetzalcoatl on precisely the day the Spanish arrived This all sounds like made up sensationalist garbage but its quite an amazing coincidence if its true Thoughts,Is there any truth to the commonly cited fact that the Aztecs believed the Spanish were gods,588,askhistorians
Projektgeist,14,31,1rgdiu,83,What about Argentina made it appealing to travel to versus anywhere else for the Nazis,Why did many Nazi war criminals travel to Argentina after WWII,114,askhistorians
beardsayswhat,3,7,1rhhgp,41,In  by Charles Mann he talks about Japanese samurai stranded in Mexico after the Japanese closed its borders in the s and that some of them took up a trade guarding silver shipments However I cant find any other information on the subjectWas this a real phenomenon Is there any other information about it Would these Samurai have been treated well  What would their daily lives have been like  Would protecting silver shipments have been a high or low status occupation  Would they have tried to return to Japan regardless of the closing of the doorsThanks in advanceEdit for clarity,Were there really Samurai in Mexico,48,askhistorians
VideriQuamEsse,3,10,1ri0sb,55,,When and where did the concept of girlfriendboyfriend ie children still living under their parents deciding who to date on their own come about How did it surpass the strong institution of arranged marriages,65,askhistorians
caffarelli,47,6,1rhwm4,37,Previous weeks Tuesday TriviashttpwwwredditcomrAskHistorianssearchqtitleATuesdayTriviaamprestrictsronampsortnewamptall Todays trivia theme comes to us from a lot of people I think in the last couple of months the mods have removed some form of this question about  or  times from various users so I can take a hint The People have spoken and you want some historical bad words Should wash your mouths with Lifebouy but Ill give you a trivia theme instead  Give us your favorite archaic insult or other offensive word tell us what it means and try to find us a historical example where it was used against someone Note it says ARCHAIC if the word still has the power to offend living people you cant post it but if were all going to have to run to the Oxford English Dictionary to look it up fill my inbox with historys worst NonEnglish words are welcome too  Now come at me thou lilylivered coxcombs and yeasty bluestockings Next week on Tuesday Trivia Put up yer dukes Well be highlighting small fights and scuffles in history including duels feuds and other small and relatively unimportant dustups ,Tuesday Trivia   Historys Lost Insults and Swears,43,askhistorians
hotassstormtrooper,3,5,1rhbz2,27,,What was the relationship between the Eastern and Western Roman empires after the big Roman empire spilt up,32,askhistorians
VikingVa,1,6,1rha2x,28,I recently finished all of Churchills History of the English Speaking Peoples Churchill was not a professional historian and says so in the introduction And while I read the book primarily for its literary merit and beautiful prose I wanted to know how true this statement was Welltodo persons in Roman Britain lived better than they ever did until late Victorian timesExtended quoteFor nearly three hundred years Britain reconciled to the Roman system enjoyed in many respects the happiest most comfortable and most enlightened times its inhabitants have ever hadIn this period almost equal to that which separates us from the reign of Queen Elizabeth I welltodo persons in Britain lived better than they ever did until late Victorian times From the year  till the year  no one had central heating and very few had hot baths A wealthy BritishRoman citizen building a country house regarded the hypocaust which warmed it as indispensableFor fifteen hundred years his descendants lived in the cold of unheated dwellings mitigated by occasional roastings at gigantic wasteful fires Even now a smaller proportion of the whole population dwells in centrally heated houses than in those ancient days As for baths they were completely lost till the middle of the nineteenth centuryIn all this long bleak intervening gap cold and dirt clung to the most fortunate and highest in the landEditgrammar ,How true was Churchills statement the Roman welltodo persons in Britain lived better than they ever did until late Victorian times,34,askhistorians
Darthmizener,12,9,1rgfb6,22,I know that Russia had to back out of WWI to deal with its revolution and I know that it was a fullon Stalinist nation by WWII What happened in between,What was going on in Russia between the Russian Revolution and WWII,31,askhistorians
twowaysplit,9,7,1rg7sx,24,The Sicani people developed on and inhabited the island of Sicily before any other group of humans During the Bronze and Iron Ages the Elymians and the Sicels traveled from Anatolia and the coast of the Aegean Sea respectively only to settle on Sicily as well While migrating to another region was it typical during this era to bring the women along or was it more likely that women were more of an impediment to the voyages successThis pagehttpwwwbestofsicilycommagarthtm provides a quick history of the Sicani people It is claimed on this site that early ancestors had inhabited the island since the Pleistocene epoch but new cultures according to a map about half way down the page seem to have traveled far distances by boat to reach the island,In the ancient world did colonizers often bring women with them to colonize new lands or did they take the natives as wives upon arrival,31,askhistorians
KuanX,6,6,1rht7u,28,Prior to World War II a portion of presentday Poland was German territory So was the territory of presentday Kaliningrad Oblast  A quick Wikipedia search suggests that people considered or considering themselves Germans do not make up a very large portion of the population of either Poland or Kaliningrad  What happened to the Germans living in these places  ,What happened to the ethnic Germans living in areas that Germany lost following World War II,34,askhistorians
Artrw,0,3,1rg8gs,19,I am referring to the period of the Mozambican Civil War through the signing of the Rome General Peace Accords and slightly after to keep in conjunction with the year rule,What was Joaquim Chissanos relationship with RENAMO,22,askhistorians
Sultanofswat,12,3,1rhld6,21,Were these bomb shelters just for show Could the families actually weather a fall out Did these bomb shelters ever get tested for durability Finally just how popular were these sheltersEdit Assume they had plenty of food rations and water Im curious in the effectiveness of the structure during the blast and subsequent fallout ,How long could a suburban family survive in a bomb shelter back in the ss if the soviets bombed their city,24,askhistorians
Erloren,2,3,1rh2as,19,According to the wiki article on irrational numbers httpenwikipediaorgwikiIrrationalnumbers Hippasus was the supposed discoverer of irrational numbers but was not lauded for his efforts It seems that this discovery was met much hostility from mathematicians such as Pythoras I heard that the school of pythgoras actively tried to conceal this fact though im not sure how much truth there is to that To what extent is this true and if the discovery of irrational numbers was not well received what were possible reasons why this discovery would have been so shocking to the ancient greeks,Was the discovery of irrational numbers received with great hostility in ancient Greece,22,askhistorians
gottabefunky,1,5,1rgl1p,15,If you were the average climbermountaineer in the midtolate th century how aware were you that your gear was basically crap in terms of providing protection from fallsHemp ropes homemade pitons cold steel linksno wonder they said the leader must not fall But did they know that for example rope X could take Y amount of force before it broke Did they test gear to failure like we do today to know how far they could push it And if so what were the standardsThey surely knew about the physics involved redundant amp equalized anchors shockloading and other things to avoidhttpenwikipediaorgwikiAmericandeathtriangle But in terms of gear was it just basically Well this was made by an experienced guy it should be strongHope it works     ,How much did th century climbers and mountaineers know about the physical limitations of their gear,20,askhistorians
QuartzNQuarks,6,6,1rg0qy,15,From what Ive heard the population of France used to represent over th of Europes population and slid to about th in the th century and the population hovered at around  million until the Industrial Revolution Ive read that Frances growth during the th and th centuries is far smaller than would be expected with a growth rate around  percent while Germany and Britain had about  growth rates What are the major reasons for this discrepancy and what would the size of Frances population be if it had growth rates similar to Britain and GermanyEdit Please feel free to correct grammar mistakes or factual errors if there are any thanks,Why did Industrial Era France have a smaller population boom compared to the other European nations,21,askhistorians
goddamnitcletus,3,3,1ri0we,16,Given the fact that Thanksgiving is coming up quite shortly I thought I would ask this I know that Turkey wasnt eaten at this meal but rather some kind of fowl What else was eaten What did the natives bring if anything What did the pilgrims bring and make,What was eaten at the original Thanksgiving Feast,19,askhistorians
clumsyKnife,16,3,1rhtyy,16,Beginning to reading Livy at the moment I wonder how likely the founding myth of Rome is Especially  Did Aeneas really exist  Are there historical evidence of Greeks coming to Italy and founding a settlement  What is the general consensus about Aeneas and his foundation of Rome ,Is there some truth in the myth of Aeneas coming to Italy and founding Rome ,19,askhistorians
Ceicj,2,3,1rhq6j,14,,Whats the history behind England and Wales rivalry,17,askhistorians
curseofkintave,1,2,1rhnex,14,Specifically are there any books that go into detail about the desertdwelling people of Southern California and the Mojave and Colorado Deserts Ive been able to find very little information on them aside from the occasional paragraph on a Park Service website that mention what they ate or what they would have huntedActually since Im on the subject Id love to learn about more the Tongva the Serrano and other people who lived in Southern California as well,Where could I look to learn more about the indigenous people of the California deserts such as the Chemehuevi,16,askhistorians
OperatorM,3,0,1ri35i,15,It seems that any accounts of any interaction between USSR and  AmericanBritishCanadian soldiers is few and far between Were they mostly friendly accounts Anyone know of some good reading material on the subject,What were the interactions between the Red Army and other allied soldiers during WW like,15,askhistorians
noluckyno,2,1,1rhh7d,14,Blackbeard had only been in command of his own ship for a short while and became one of the most famous pirates of all time How did he accomplish this so quickly Why was he so feared and dose this fear hold any merit ,What allowed the pirate Blackbeard to become so successful and feared,15,askhistorians
WeAreLegion,14,16,1rgkpc,15,,Why was Israel not prevented from obtaining the bomb in the same way Iran was,31,askhistorians
devlius,8,0,1rif4h,15,,What was napoleons plan for Europe had he stayed in power and won his wars What were his intentions for after his time as an emperor,15,askhistorians
MrMysterious,2,3,1ridu7,14,Assume that I live in a small town in Midwest working as a blue collar workerHow much would I earn per year How much would I spend on housing and food,Im a young unmarried American in the s just got my first job What should I own,17,askhistorians
nothingbetterthan,2,0,1ri6fx,11,Zeus never really appeared as a character in Athenian drama which often featured other gods on stage Artists such as painters had no problems portraying him often in a more respectful manner than the other gods in plays Why does he never appear in Athenian drama Is there a difference between artforms in allowing specific gods to be portrayed,Why was Zeus portrayed in vase paintings and other art forms but rarely Athenian dramas,11,askhistorians
halconerocanadiense,2,1,1rh3gw,11,We were discussing symbols commonly taken by feminist movements in class today and one that came up was the portrayal of the Indigenous american woman as a leader firekeeper and head of her tribeHow common was matriarchy Is the depiction accurate,Was matriarchy commonly practiced among Indigenous Americans,12,askhistorians
owentheo,19,7,1rg6xc,9,What are the general guidelines of Fascism how did it come about how has it been reflected in history and maybe cast in a bad light due to historical events,What is Fascism and is it bad,16,askhistorians
DNTE,3,1,1ri13j,11,,What role if any did the Irish play in the American Revolution,12,askhistorians
,1,1,1rhum8,8,Im writing an essay about gendered assumptions and so far with the exception of witchcraft women were treated a lot more lightly by the courts and such Is this due to Christian values or something,Why were women treated leniently by the British Justice system during the early modern period ,9,askhistorians
sciencegod,4,1,1rh093,8,So Historians heres what I need help understanding Can anyone help to explain what really happened and how the  SinoVietnamese War might influence G Nations especially Chinas future thinking with regard to North Korea I know the two are not directly related but the fact that China responded so robustly to something that it felt was in its sphere of influence which Vietnam adamantly disagreed with Now that China has ever increasing economic and cultural ties with South Korea Japan Indonesia and to some extent Thailand what is Chinas continued inducement to maintain the North Korean Buffer against South Korea except that American Troops are stationed there which I understand is not a trivial point of order by any means,Regarding Chinas SinoVietnamese War and Cambodia  NATOs Containment Policy and the long term outlook for North Korea,9,askhistorians
frostyhumperdink,3,2,1rg195,8,Ive always have been curious about this but never thought of it until I recently watched The Tudors on Netflix I understand many men wore boots of some sort but Im also interested in what women wore during that time Thus What did men and women of different levels of society wear as footwear during the Tudor era of Europe ,Footwear of the Tudor Era,10,askhistorians
brution,0,0,1rih75,9,From what I can tell policywise they acted in line with normal international communist procedures of the time ie Forming a Red Army setting up industrial workers councils planning education reform  It was obviously a failed endeavor but Robert Services book Comrades states that When Russian communists discovered how Levien and Levine had behaved there was no eagerness in Moscow to commemorate them as revolutionary heroes  I cant find anything indicating the actions of Max Levien or Eugen Levine as being anything out of the ordinary  Their foreign minister Dr Franz Lipp was obviously a poor choice taking in to account he declared war on Switzerland over a trade dispute about locomotives  Was it his appointment that reflected poorly on the two or something else,After its failure in  why did the Russians criticize the way Bavarian Soviet Republic leaders had behaved,9,askhistorians
TheVitruvianDan,1,1,1rhkf1,8,,Can anyone out there recommend a good work on the theory of newspapers as a historical source Or a work on content analysis for historians,9,askhistorians
letsduel,4,1,1rhbrw,9,It was very common for European monarchy to be tutored by the best mathematicians in the world Because they had access to the best education available did any of them make contributions to mathscience dont have to be European,Were there any European monarchs that made significant contributions to math or science,10,askhistorians
KatsumotoKurier,5,3,1rhbey,8,One of my high school textbooks listed the Catholics as a group which were discriminated against by the Nazis With the majority of Austrians being Catholic as well as southern Germans how would this type of discrimination be possibleOn the other hand I told my teacher who is  Austrian and has his PhD on WW and he said this was illogical He agreed with me that Catholicism was and still is very prevalent in Europe Also as far as Im aware Hitler was raised Catholic I could of course be wrongPlease help me fill in the blanks and connect the dotsThank you in advanced,Is it true that the Nazis discriminated against Catholics I have heard both yes and no to this and Im looking for the answer Also in the Nazi German society what religion was foremost and most ideal,11,askhistorians
WilfredthePuppy,8,2,1rg86f,8,I know this seemed almost magical back in the day of battle but how did it win half of the world for Genghis Kahn ,How did the Mongols overpower a lot of great civilizations with just the horseback archer,10,askhistorians
shieldmedic,0,0,1rij4n,9,httpenwikipediaorgwikiHMSBounty,Did the British Navy exact any retaliation on the Island Nation of Tahiti for sheltering the mutineers of the HMS Bounty,9,askhistorians
hiller,12,0,1rhwav,8,Didnt the Christians think that they would be tortured or punished by god in hell anyway,Why did Christians torture nonbelievers in the medieval times knowing that the person would be punished by god anyway,8,askhistorians
ThisIsntProof,1,1,1rhv51,11,Im a sophomore political science and spanish major at Temple University My main interest is Latin America and how the region took such a staunchly different path of development than the United States and CanadaIve spent only three weeks studying and living in Costa Rica and the country absolutely fascinated me The part that fascinated me the most was Costa Ricas notably different political culture As a stable democracy that alone stands out from their neighbors but the question I have is about Jose Figueres abolishing of the militarySo my question Once the civil war had ended did Figueres abolishment of the military go over quickly and smoothly Was there resistance from the military If so how did he stop that How did he convince people that a military was a detriment to the country If there wasnt resistance from the militarytaking into account the military culture of Latin America why If say Argentina tried to remove the military in the s itd be a completely different scenario,Did the abolishing of Costa Ricas military go over smoothly,12,askhistorians
JWarrenM,4,0,1rhtzr,8,Where is the MOST likely place that he was buried For that matter how has his tombburial spot not been found in over  years ,Alexander the Greats TombFinal resting place,8,askhistorians
luckbags,1,1,1rhlch,6,,Who were the primary apologists of slavery in the antebellum south and what were their most common defenses of the peculiar institution,7,askhistorians
bbqroast,2,1,1rgw4k,6,I remember reading something about a man probably only a few centuries ago who tried to build a rocket which would hit the Moon It was very basic only a small solid rocket that probably barely got above the cloud layers I believe he was ridiculed in a paper afterwards for his conceited attemptWould anyone be able to shed some light on who he was,Who was the man who made a failed attempt to build a Moon rocket,7,askhistorians
headinwater,1,0,1ri82c,5,I have been looking into this a lot lately and Im having a really hard time wrapping my head around it  It seems the community is largely leaning towards a migratory phase that led to the Sumerians assimilating with a preSumerian peoples  However the linguistics argument has really just confused the ever living daylights out of me  Maybe someone out there has better understanding of the overall arguments,What are your thoughts on the question of Sumerian origin,5,askhistorians
Shadowcat,2,0,1rhzht,7,HerehttpimgurcomaLyynx is an album with pictures of the scrimshawThe scrimshaw was passed down through my dads family and my mom recently took it to the New Bedford Whaling Museum to have it looked at I guess the people at the museum were very impressed with the piece and said theyd never seen this artist before Ultimately we would like to figure out when it was made and try to find the artists nameThe family story goes that the tusk was given to my fathers greatgrandfather as a wedding present from the captain of a whaling ship We arent sure which set of greatgrandparents it was given to and unfortunately any family members that could possibly add more details to the story have passed awayOriginally because of the drawing of Jenny Lind the experts at the museum thought that the tusk was made around  However according to our genealogy my dads greatgrandparents got married in  Andrew M Palmer and Orletta Lettie Cragin and  Benjamin F Peabody and Ann Eliza Dare The date will be key in attempting to determine the artists name In order to pinpoint the date the scrimshaw was made it was suggested that we try to find the original photos that were used to trace the pictures onto the tuskThe people at the museum said that the picture of Jenny Lind was likely from an actual photo or playbill because the scrimshaw shows her with a big nose I guess artists would usually try to correct her nose when they drew a portrait of herFor the other photos originally my dad thought that they came from Godeys Ladys Book However the people at the museum also suggested looking in Harper Collins Monthly I found a plate titled The Elopement in the table of contents of the February  issue of Godeys Ladys Book but I havent been able to find a scanned copy of the plate to confirm that its the picture on the scrimshawBasically I have hit a dead end in my research It would mean a lot to my dad to find the artists name and learn more about our family history I am usually on my computer and will try to add more information and answer any questions anyone has,Can anyone help identify the pictures on this scrimshaw xpost rwhatisthisthing and rantiques,7,askhistorians
Carapax,7,0,1rhqmk,5,Ive been wondering Music thanks to radio and then records and the internet is the common folks delight But what about classical music Was it a prerogative of the rich Was going to operas expensive Were there cheaper copycats in cheaper theaters Aliens,How was music enjoyed before radio and recordings,5,askhistorians
mikayakatnt,1,4,1rgy6n,6,,Did Josef Mengele Ever Succeed in Any of His Experiments,10,askhistorians
otohp,11,1,1rgi79,5,I really enjoy learning about history and am on my th world history book JM Roberts history of the world My concern is that Im already doing an unrelated science degree and was hoping to find out what i might be missing from not studying history at university as well as maybe ways to make up for itThanks alot in advance guys,Do I need a degree in history to gain a full understanding of it or will books alone suffice,6,askhistorians
kaykhosrow,4,0,1rg5ap,6,What was the Roman stereotype for Greeks Jews Persians Egyptians North Africans Germans and so on Were they all inherently negative,What were the Roman stereotypes of the people around them,6,askhistorians
pnic,6,0,1rigq5,8,From what Ive read and heard they pretty much killed everything they wanted to only really suffering defeat due to infightingAlso if there werent any citiesstates that were able to stand up to the Mongols what strategies do you think would have worked  If you were able to go back in time what would you tell the king of a city a few months before the Mongols showed up,Were there any states or cities that stood up to the Mongols and lived,8,askhistorians
WanderingKing,0,1,1ribha,10,,Was Hitler a sometimes brilliant military tactician or did he simply have excellent military advisers,11,askhistorians
kaykhosrow,0,1,1rib5l,4,At some point in The Name of the Rose by Umberto Eco the inquisitor Bernardo Gui puts Remiggio amp Salvatore on trial How accurate was that trial scene,Spoilers Name of the Rose trial scene question,5,askhistorians
Nicopm,0,1,1rhz3e,5,A lot of sources only seem to agree that Jinnah is being mistreated  in being blamed for partition and instead seem to say that it was Gandhi or Nehrus fault What were some of those original reasons that Jinnah was being blamed with,How was Jinnah to blame for Indias partition,6,askhistorians
WhatIsTheMeaningOfPi,5,0,1rh684,4,,Why was Japan so much more involved in European politics during the early th century compared to the rest of AsiaOceania,4,askhistorians
Deplap,4,1,1rguor,4,httpimgurcomaseRrF I have small hand carved decorative table pieces form the USS constitution one of the original  naval american ships  Does anyone know anything noteworthy about this aka what they were used for value,I have original table pieces from USS Constitution Is there anything interesting about these or the ship itself,5,askhistorians
ZarxcesHappyLand,0,2,1rgsj9,3,,Which pirate and hisher crew was the most intimidating in the Caribbean in the s,5,askhistorians
itinerarium,2,1,1rgrp4,4,Was surprised there was no literary history section of the book recommendations In particular Im wondering how many different cultural groups in the ancient world do we have narrative writings from And in what ways do these narratives differ in terms of worldview narrative structure etc,Looking for a book on the history of ancient literature,5,askhistorians
xPJHx,1,1,1rgkya,4,I was watching a youtube video on a Muhammad Ali interview with this Parkinson fellowand i started to think about one of his good friends Malcolm Xi knew him and Ali stood for strengthening the black community and isolationism from most of the world but economically were they communists Or was that not a point of interest to Malcolm X Thanks,Malcolm X,5,askhistorians
yupko,1,3,1rgf9u,4,,Why do portraits of most Chinese emperors look fat,7,askhistorians
Plopwieldingmonkey,2,1,1rg1fb,4,Or work based on arguing Vietnam as a case of US imperialism Even sources on how intervention in Vietnam affected the US economy would be great,Does anyone know any booksarticles on the economic reasons for American intervention in the Vietnam War,5,askhistorians
conpassionate,0,0,1rio7f,6,The replacement of legionnaires with allied foederati armies is often suggested as one of the major reasons for the collapse of the empire  This seems reasonable enough as relying on unruly vassals with huge armies for defense seems like a pretty bad idea in retrospectBut what led to this shift in the first place  Why not break up Frankish and Gothic armies and incorporate them into the legions which seems like the safer option  Was it a matter of funding or manpower  Or were the Romans never in a position to make such demands,How and why did the Romans become so reliant on the foederati,6,askhistorians
jamiebyrondean,2,0,1rindw,11,I am interested specifically in the personal daytoday life of the individual Southern civilianThere is a great mythology in the south about the unbelievable evil and brutality that the Yankees  Lucifers legions  brought in their victory campaigns towards the end of the war  the obvious examples being of course Shermans March to the SeaAs I understand it Shermans March was composed of several similar acts the Battle of Meridian in which he practiced the sort of total war he would later commit to entirely the march across Georgia from Atlanta to Savannah and the march across the Carolinas which was both the worst South Carolina and the most lenient North CarolinaI am trying to figure out how bad really these campaigns were for the south Does it live up to the mythology  raping pillaging plundering roving bands of criminals mass starvation  of horror and unthinkable tragedyThe fact that the south rebuilt so quickly makes me think it wasnt really that bad and that the mythology was deliberately and easily built up out of a fairly civil  if not terribly wasteful and destructive  campaign Can anyone weigh in on this topic How bad were Shermans marches How bad did the worst of life get during the war and where did that happen What was the most horrifying part of the war  both in terms of military like Picketts charge and civilian life life in the aftermath of Shermans march Thanks I hope this question is focused and answerable enough for you guys,How bad did life get for the South in the final year of the American Civil War,11,askhistorians
ajhimmler,0,0,1rikev,10,Its widely known child labor was a big issue in the United States and the industrialized world in the s and early s Textile factories are dangerous and employees often lost fingers hands or entire arms due to the machinery What would become of a child or employee who was injured in such a way Would they continue to work Was there any kind of severance package for injury What were their prospects for the rest of their lives ,Children would often work in textile factories in the th and early th century what would become of them if they were disfigured due to work,10,askhistorians
ihavenodecorum,2,1,1rihgi,3,,Did ancient civilizations Aztecs Egyptians Greeks Romans etc keep their teeth clean If so how,4,askhistorians
grapp,4,2,1rifqe,4,Im not trying to suggest that white culture is the best Im trying to remove any way the person being asked could possibly argue there concerns are cultural rather than racial,suppose you suggested to a American living  years ago that in all likelihood a black man raised in the same environment as a rich white person would be just as intellectually capable as a typical rich white person would he have likely conceded to that,6,askhistorians
Spindax,0,0,1rif4e,5,Hello Im Danish and Id like to do some reading about the early history of my country figuring the Vikings or early medieval period would be a good place to start In particular Id like to read a modern translation of Gesta Danorum by Saxo GrammaticushttpenwikipediaorgwikiGestaDanorum to get an insight into the old interpretation of medieval history before I read newer works But I cant decide which edition to start reading There are so many Im mainly looking for something accessible with commentsadditions from new authors I know this might be a long shot but I figure at least one of you may have some knowledge in this fieldAs for modern works Im mainly concerned about the early years of the Danish kingdom leading up to the Kalmar Union The end of the Vikings the establishment of the church in Denmark the Baltic crusades etcThis will be a little side project of mine since Im not in the historic field of study at all but history has always interested meAny recommendations will be greatly appreciated thanks,Hey historians could you recommend me some books about early Danish history in either Danish or English Gesta Danorum by Saxo Grammaticus in particular See body for more info,5,askhistorians
kaykhosrow,0,2,1riexe,3,If I remember the Tempest correctly the king amp Prosperosbrother are returning to Italy from Tunis after marrying the kings daughter to a Tunisian princeHow common would intermarriages be between Italian amp North African royalty during the time period of The Tempest ,Marriages between Italian amp Tunisian nobles,5,askhistorians
waystreet,0,0,1rieww,4,How are they along wMichael Skubal remembered today ,WW How much public support for Schuschnigg and Austrian President Miklas to not form a union wGermany,4,askhistorians
joderd,1,0,1rien4,5,,What factors account for the divide in ideologies between Malcolm X and Martin Luther King Jr,5,askhistorians
Sabu,0,0,1ridph,5,In light of the proposed censorship legislation in the UK I noticed many references to popular novels on dystopias I would say the majorityall of them to an English speaking American  were the product of a British author Orwells  Alan Moores V for Vendetta Huxleys Brave New World all of these works seem to focus on an authoritarian government and how these governments manipulate the people to maintain peace and power I was curious  what trends or social pressures may have inspired such authors to pop up  Is it fair to attribute this line of thought as dominated by UK authors rather than Americans  Have these works been received well in the UK considering that the UK has expanded state powers in a way that seems unpalatable to Americans More cameras no guns American antiauthoritarian animus Not concerned whether or not either state is more or less controlling in practice more curious about what unique vibe these authors seem to be tapping into and the relative paucity of famous American works on the same theme ,What focused the mind of British authors on authoritarianism,5,askhistorians
SocraticDiscourse,0,1,1rid91,3,I understand that many of the Latin American revolutionaries in the early th Century were inspired by the US Founding Fathers But what were these colonies feelings about the links with Spain and Portugal before this event Did anyone consider independence a possibility Was the metropole resented Did people identify with the broader empire or just their colony ,Was there any movement for greater autonomy or independence in Latin America before the American Revolution,4,askhistorians
MintTA,0,0,1ricxf,4,I have read the speech but cannot find any examples of reactions from those that were in authority at the time ,How did the Massachusetts Legislators respond to Dorothea Dixs memorial petition in ,4,askhistorians
dmar,0,0,1rib9d,3,I recently read Havels Power of the Powerless and Ive done some of the basic wikipedia reading of him and the Czech resistance movements Id like to get a more detailed biography of him and a more complete history of Czech resistance Can anyone recommend a good place to start,Recommended biographies of Vaclav Havel,3,askhistorians
deleted,1,0,1riask,3,Hi everyone Im new to Reddit so sorry if this is in the wrong subreddit I need to pick a History thesis to work on for highschool graduation and I was thinking of doing one about Gustavus Adolphus My main problem with it is that I cant seem to find any books about him and I cant just copypaste whats on Wikipedia So does anyone know any literature I could use on my thesis Thanks in advance ,Books about Gustav II Adolph of Sweden,3,askhistorians
dxt,1,1,1ri7w9,4,,Did the Ancient Chinese drink beer and wine If so what were they like,5,askhistorians
ManOnGnar,7,0,1ri7su,3,,If you were to defend Louis  against his charge of treason what would you say to defend him,3,askhistorians
William,2,0,1ri7mz,3,Im a philosophy major wondering about how influential Hobbes was in his day To be more specific Im mostly wondering what effect his claims about the sovereigns right to absolute power had Were there any major political movements started or laws passed based on his version of social contract theory Did politicians of the time make a lot of references to him in their speeches And so on I know that he was writing because he was involved in some political squabbles himself but I dont really know how that worked out for himThanks to all who respond,What influence did Hobbes political theory have on the politics of his day,3,askhistorians
Hankhank,0,0,1ri640,3,Inherent in my question is the idea that the rise of Islam and the Arab conquests are both phenomena of late antiquity and it is them and NOT the fall of the western Roman Empire that signifies a epochal shift  Any experts out there care to comment,Are the rise of IslamArab Conquests the end of Antiquity,3,askhistorians
Vladith,5,0,1ri38a,4,,Did the Romans have a geographical concept of Greece,4,askhistorians
Jacamoose,0,0,1ri0te,3,I am not looking for any analysis or anything just looking for any writings or books by these historians so I have somewhere to start my focus,What books or writings specifically reflect Livy Tacitus and Sallusts view on women or explain the treatment of women during this time,3,askhistorians
Vladith,2,1,1rhs6w,3,,Was the Monroe Doctrine written with economic or actual moral intentions,4,askhistorians
dinimer,1,1,1rhktw,3,I remember that I once picked up the fact that in medieval times people believed all blood would be the same Eg pigs blood human blood etc Im referring to around  AD in central Europe but Im not sure I know about the common blood drain practice of these days but would still find it interesting if there have been any attempts to actually donate blood or if this idea was seem as ridiculous As for the timeframe feel free to contribute about whatever timespan or region you know ,How was blood regarded in medicine during medieval times,4,askhistorians
OhPedro,3,0,1rh6am,3,,What had a greater effect on economic growth in nineteenth century America advancements in manufacturing or advancements in transportation,3,askhistorians
nonina,2,1,1rgw7e,3,What was the evidence that Hitler used to convince the people of Germany that Jews were the common enemy I do not understand how a nation can just accept this fact without at least some kind of substancial evidence ,What was Hitlers argumentevidence to convince the people of Germany that Jews were the enemy,4,askhistorians
hyasbawlz,0,2,1rggll,5,As the title states was the New Deal demonized in a similar way as the Affordable Care Act by conservatives if not more as it was a much more radical change,Was the New Deal as demonized as the Affordable Care Act,7,askhistorians
DrJeXX,1,2,1rg64n,2,I know that Louisiana was a major slave region after its founding in  and that there were three different rulers in New Orleans France gives it to Spain in  who then gives it back in  and then sold to America in  but did they all treat their slaves the same or were certain rulers policies kindermeaner toward the treatment of slaves ,New World Historians I hate that term What differed about slavery in New Orleans during the various regime changes FrancegtSpaingtFrancegtAmerica,4,askhistorians
drkbrns,0,1,1rg124,3,What are the best Nixon tapes and overall sources of information regarding this topic,Sources pertaining to the War on Drugs,4,askhistorians
Minttt,0,0,1rimsr,2,With the advent of mutuallyassureddestruction were people not pissed that the military establishment suddenly had the entire world facing annihilation Did they trust that the military could succeed in winning a nuclear war,How high was public support for the US military during the height of the Cold War,2,askhistorians
Potatoeman,0,0,1rilws,2,I was assigned an essay today in my world history class Any significant  thing I want after  I chose to write about the portrayal of similar people in very different ways ex HitlerStalin Hitler is always portrayed as a genocidal maniac while Stalin who killed more people is never really looked at negatively usually because he was the good guy and won I dont really know where to begin with my essay and I was hoping there are even one or two people in this sub who know something about this,present Why are similar people portrayed so differently in history,2,askhistorians
drainX,0,0,1rik13,2, What was the political situation like at the time before the invasion of England How was the political situation in Europe changed by the invasion How was the relationship between England and The Dutch Republic before and after the invasion I read that a result of the invasion was that the dominance of world naval trade shifted from the Dutch Republic to England How did this happen Even if England remained England by name and it was touted as a revolution in England Would it be fair to say that behind the scenes England was actually conquered by The Dutch Republic If so why didnt England just become a part of The Dutch Republic How was the invasion successful with only  menI dont expect anyone to answer all of these questions Im really just hoping for a post expanding on the subject a bit with those questions as a drop off point I tried to understand the broader context of the event from wikipedia but it was rather hard,I have a few questions about the Glorious Revolution,2,askhistorians
chaobreaker,0,1,1rictu,4,I ask this because I recently watched an episode of the American sitcom All in the FamilyhttpwwwyoutubecomwatchvJmoTeYrec In this one episode the main character reacted negatively to finding out a guest in his house avoided conscription to the Vietnam War by fleeing to Canada I wonder if his sentiments was shared amongst American citizens around the time of that episodes airing  ,What was the general public consensus on draftdodgers in postVietnam War America,5,askhistorians
summersmccready,0,2,1ri9zx,4,,How did the Jack the Ripper cases cause people to change how they looked at the East End and poorer parts of Victorian London,6,askhistorians
Vromrig,0,2,1ri95n,3,While I know Mehmed II took on a notably tolerant policy once he had secured all of Greece especially insofar as imposing a great Rabbi and the Patriarch in Constantinople in the centuries following the conquest of Greece did it become noticeably Turkish in styles and behaviorsOr did it pretty much maintain its Greek identity throughoutTo what extent was Greece culturally assimilated into the Ottoman Empire,How culturally Turkish did Greece become following the Ottoman conquest,5,askhistorians
BipolarBear,0,1,1rhfwx,2,,What was the USSRs general reaction to Jonestown,3,askhistorians
yupko,5,0,1rh5v7,2,,How arrogant was Julius Caesar Was referring to himself in thirdperson not as strange in Latin as it is in English,2,askhistorians
WaitForItTheMongols,2,0,1rh59h,2,,Under the Fugitive Slave Act how did authorities know which owner to return an escapee back to,2,askhistorians
JHensley,15,4,1rgzm8,1,The Native Americas had plenty of fertile land and have been here just as long as the rest of civilization so why did they not evolve into kingdoms empires and eventually countries like the rest of the world,Why did the Natives not evolve economically with Europe and Asia,5,askhistorians
Vladith,0,1,1rgywm,2,,How old is the medieval concept of knights From where and when does the word originate,3,askhistorians
sgtwonka,2,4,1rgtgn,2,They must have called it something before the name America was coined right,Did the Native Americans have a name for what is now North America prior to European migration,6,askhistorians
brosen,0,1,1rgnp2,3,,What are the roots of the expression Im sick as a dog,4,askhistorians
UnexcitedAmpersand,2,0,1rglly,2,,Why did the Romans revere the ancient Greeks but not the ancient Egyptians,2,askhistorians
Vladith,3,2,1rgiwg,1,,Why do many Norse names and words have silent Rs at the end,3,askhistorians
staticquantum,2,0,1rgbn8,2,Hi I am currently reading the works of the Greek philosophers and was wondering about the environment they lived in and how it shaped their views and ideasTaking a look at the booklist on the subreddit for ancient Greece I see that the period I am looking at is very broad Archaic to Hellenistic Do you happen to know if there is a books that happens to encompass this whole era and still be accurate to relate to the philosophers If there is none then I have no trouble reading more detailed booksany guidance as to which ones are the most relevant in this case would be appreciated Just looking for your input,Historical period from Tales to Aristotle,2,askhistorians
NotMrPotatoDick,3,2,1riiot,0,,Is their any documents about Attila the Hun not written by the Romans,2,askhistorians
stmorgante,0,1,1ri5eh,1,Im interested in this because the first roughly  years of English rule over Ireland Norman invasion  Tudor Conquest saw a gradual adoption of an Irish identity The following roughly  years Plantation of Ulster  AngloIrish treaty saw the English maintain a fierce hold on their English identity Were there any singular events that caused this shift or was it a more gradual process,How did the old English come to identify more as Irish than English,2,askhistorians
XtremeGuy,0,1,1ri4rw,1,We hear a lot about what happened to some American troops at the hands of merciless captors but what happened to the POWs from North Vietnam,What happened to the North Vietnamese POWs,2,askhistorians
XplodingLarsen,3,2,1ri4qy,1,So tried to find something on this i know the counting like V X etc But what does the letters mean i can guess that the word century comes from Latin and means  and Millennium is M but what is L and D and X I for that matter What were the words for theseI was thinking since we use numbers to tell us what a number is our words dont represent them in the same way as a symbol would The Latin alphabet had IVXLCDM so I just assumed there would be words given a similar meaning as the letter since C is pronounced keː sourcehttpenwikipediaorgwikiLatinalphabet one would assume the word for  is something starting with the pronunciation keː witch I assume centuria or what ever the the correct Latin word is pronounced something like Kenturia also come to think of it how would a Roman say he was born  years ago I was born XXX annus ago or did they have word to define this I am Norwegian and we just combine the words for  and  into threeten NO treti this goes on fourten etc until one hundred where we say et one hundre hundred Now remember kids English and Scandinavian languages share word because of Vikings invaded your homes like husband comes from husbondi witch means house farmer male form More words coming from old NorsehttpenwikipediaorgwikiListofEnglishwordsofOldNorseorigin but French and Spanish Latin languages would say cent and ciento respectively for hundred derived from Latin but then again counting systems could be more intricate like the French or DanishEdit refining my question sorry for not being to clear,Roman numerals C is for Century but what does L and D mean,3,askhistorians
EsotericPotato,2,1,1ri4nj,1,I didnt know if this would be outside of the guidelines Granted the ideas are based upon real  people and their ideas the question itself is hypothetical and in the case this doesnt belong I apologize On top of that this doesnt seem to fit rhistoricalwhatif but if there is some place this would be a suitable question to ask please let me know Id love to have this answered but at the same time I dont want to put this question somewhere it doesnt belong I apologize for the hypothetical part of this question because what I am asking is who specifically from history whether they were alive or dead or not yet born during the Napoleonic Era would have been adamantly against what Napoleon was doing Whos ideas would clash with the actions Napoleon took against the people of France and the people of Europe as a whole ,Who would have been against other than the obvious Prussia Russia Great Britain Austria etc Napoleon and the actions he took against the French people and the continent of Europe Please read the description,2,askhistorians
Ezterhazy,0,0,1rhxrq,1,According to this wikipedia articlehttpenwikipediaorgwikiRepublicofIrelandConstitution between the adoption of the Constitution of Ireland in  and the Republic of Ireland Act  coming into force in  the British Crown apparently  some symbolic role in Irish foreign affairs Specifically gt Diplomats were accredited to the Kinggt George VI was only an organ that was provided for by statute lawIs this wikipedia article correct Were Irish diplomats dealing with countries at war with the UK during World War  claiming to be accredited to the British Crown,What was the role of the British Crown in Irish foreign affairs ,1,askhistorians
Calanon,0,0,1rhx1e,1,Ive been reading some books on Charlemagne and there doesnt seem to be a great deal outside of the Saxon Wars There seems to be little information on the Lombard Wars and Ive heard there was one battle with the Byzantines but I havent seen these mentioned at all Ive seen some people list him as great yet there doesnt seem to be enough information,How great was Charlemagne as a military leader outside the Saxon Wars What are some good books,1,askhistorians
nyrbeatles,0,0,1rhwo9,1,Did most farmers stay and tough it out or leave for greener pastures like in Grapes of Wrath,What was migration like during the Dust Bowl era,1,askhistorians
QadeshTheReal,3,0,1rhv7u,1,Im really interested in this period of the Rome since theres really not that much information I was able to find in my local library or the internet Could really appreciate any information you guys would provide me with regarding the subject,What was the Roman monarchy like  bce   bce,1,askhistorians
Axcss,1,4,1rho6s,2,A quick question Curious whether there is an actual back story to the phrase specifically the sleep tight portion ,Where did the phrase Goodnight sleep tight come from,6,askhistorians
TheGanjaLord,3,1,1rhkx1,2,,Why is it that the occurrence of Pyramids is so widespread on a global scale,3,askhistorians
Darabo,0,2,1rhkk5,2,Im curious as to what life was like in Persia during the late th century if there are any first hand accounts or writings from the eraI know that Qajar Dynasty who ruled Persia at the time were mostly corrupt inept and bowed to Russian and British influence however I havent been able to find any information on life for someone in the time period  Ive heard from others that outside of the major cities it was more or less equivalent to the Wild West with bandits and all and Id love to know more about it,What was life like in late th century Persia,4,askhistorians
leonua,4,0,1rhk4n,2,I read in Wikipedia that Northern China was conquered by foreign entities more often than not compared to Southern China When the Turks conquered Turkey the Anatolian Greeks became Turks when Arabs conquered Egypt the Kemetians became Arabs So I wonder whether the same thing happened when Northern China was under foreign rule,When Northern China were occupied by foreign dynasties did the local Chinese inhabitants became Khitanized Xiongnufied Mongolized Manchulized or whatever the ethnicity of the foreign invaders of the day,2,askhistorians
sabialuistefan,3,1,1rhj6t,1,Im digging around for a uni project and I need to find what was the worlds first documented political revolution  a swift and violent change in the political regime Im thinking maybe something from the Roman Empire or Egipt or Ancient Greece All I can think of is the assassination of Caesar but Im sure there must be something prior to thatAlso what are the different types of political revolutions I can think of only two types one driven by the social frustration of citizens that leads to an internal change in sociopolitical institutions and ideology and a sort of forced revolution like the expansion of an empire where the losing nations government and political ideology is changed by the winning nation sort of like dont make my country bring democracy to your country,Historians of Reddit what was the world first revolution political not agricultural or industrial,2,askhistorians
shakerattleandrollin,2,1,1rhelo,1,Is it some deficiency in the system itself or the result of totalitarian leaders purposefully creating a famine through collective agriculture,Why does collective farming so often result in mass famine,2,askhistorians
babesabadkitty,1,1,1rhb20,2,What was the Nazi attitude towards India and specifically the Aryans of India Did Hitler consider them to be just as superior as the Nordic race,What was Hitlers opinion of the Aryans from India,3,askhistorians
hugmenexttime,0,0,1rha6z,1,Communists expected the new era of socialismcommunism to start with a world revolution which didnt occur in most countries or failed in some others The formation of the Soviet Union in  combined the existing territories under central leadership Most of the territories that became part of the Soviet federation in this way have been under the influence of the Russian Empire before The peoples republics or peoples democrazies founded after WW more or less followed the same revolution concept but only Bulgaria applied to become a Soviet republic however was rejected Since socialist societies were organized from the top  what were the reasons to prefer to some extend independent entities for the USSR ,Why did the socialist states founded after WWII did not become part of the Soviet Union,1,askhistorians
dillnfd,1,0,1rh3xv,2,I am assuming that the aim of portrait takers of the past was to produce as realistic a representation of their portrait as possible You cant get more realistic than hyperrealistic art and yet this is only a modern phenomenonhttpenwikipediaorgwikiHyperrealismvisualarts I would love to have seen famous historical figures bought to life with such uncanny realism,Why is hyperrealistic arthttpwwwboredpandacomhyperrealisticart only a modern phenomenon Did artists from the past lack the knowledge or materials and technology to produce it,2,askhistorians
cronos,0,1,1rgyxh,1,Can you point me to any texts on the subject ,What were the religious beliefs of John Milton,2,askhistorians
futurama,0,1,1rguro,1,I guess to expand on it one of his most famous works was The Raven and if I recall he didnt get paid very much for it So how did people end up picking up his work again after he died ,After Edgar Allan Poes death when and how did people start to rediscover him,2,askhistorians
moralprolapse,1,1,1rgt2b,1,What I mean is I agree conquered peoples generally have a legitimate beef but essentially every occupied geographical area has been conquered and repopulated at some point in time They say one in  people are direct descendants of Genghis Khan He arguably altered the climate of the planet by how many people he killed People do rightfully compare him to Hitler but theres no condemnation of the MongolTurkic people that currently inhabit Central Asia and other places Perhaps there shouldnt be They are now the indigenous cultures of the lands they live in But how are they different from contemporary Americans relative to the people their ancestors conquered except that some native Americans survived without being completely assimilatedOther examples I can think of where theres an odd thats history instead of thats evil history The Vietnamese defeating the Cham the AnglesSaxons and the Celts the Spanish and the Moors the Romans and Carthage,How does history forgive conquest,2,askhistorians
fiadbrel,0,1,1rgn88,3,I dont know if this is common around the world but every job Ive had so far Canada Ive been paid biweekly When did this practice start and why Im assuming its partially because of computers being able to store information on hours worked as well as allowing direct deposits to bank accounts but before computers were common specifically late s to early s did people just get paid at the end of each day ,When did it become standard to be paid every two weeks,4,askhistorians
Wannamaker,3,0,1rglok,1,I seem to be finding a lot of material about one topic or the other but not much in terms of overlap between the two Any help or insights would be greatly appreciated You folks are awesome ,How was Confucianism and Taoism viewed in China during Maos Cultural Revolution,1,askhistorians
jerbu,0,0,1rgj4q,1,I just learned of The School of the Americas and its actions in the Cold War Was this not a big deal at the time What are some of the major things it didpeople that were involved Is it as bad as some people said it was Did it impact our foreign relations Is the WHINSEC just as bad Sorry for all the questions it just seems like obviously wrong what we did but practically no one has said anything about it Any and all info you have would be greatly appreciated httpenwikipediaorgwikiWesternHemisphereInstituteforSecurityCooperation is the wikipedia article I read about it,Consequences of The School of the Americas,1,askhistorians
Donogath,1,0,1rgiq2,1,I read things like Caligula appointing a horse as Consul a Roman Emperor going to war with the ocean etc etc And Im just curious as to how much of that is true and how much of that is just historians trashing guys they didnt like,How reliable are Roman Historians,1,askhistorians
respectcat,0,0,1rggjh,1,I know their trade ships made it all the way to East Africa many centuries prior to European contact However I always learned that they got their by hugging the coastlines around India and the ME Did they ever cross blue water for great stretches How did they get to the Americas Did they cross the Pacific the long way or did they puddle jump to the Aleutians in the Bering Strait and island hop it from there,Did the premodern Chinese ever cross oceans,1,askhistorians
CSmithizzles,1,0,1rgbcm,1,Ive always been taught that Alexander was a brilliant military strategist and possessed noble interpersonal qualities that helped bolster his leadership credibility but how much of that was a direct influence on his success What was the state of the GreekPersian civilizations Were they vulnerable in anyway How did Philips reign influence Alexanders conquests What other situational factors of the time period directly assisted in Alexanders domination of the areaI know some minor details about the situation but Im very interested in getting a more in depthcritical response to this question Thanks,How much of Alexander the Greats success was he directly responsible for and how much can be attributed to events outside his control,1,askhistorians
absurdistsdream,1,0,1rgb8u,1,Or alternatively any books covering that period of German historyunification Or perhaps a book about Wilhelm Zwei ,Im looking for a good book about Bizmarck,1,askhistorians
SwagwallJackson,1,0,1rg6t3,2,hey Reddit need some help here i am currently sitting Advanced Higher History and am required to write a large dissertation on an aspect of the civil war era i have chosen to answer How Far Does Abraham Lincoln deserve to be Remembered as a great war leaderI currently own the following books on the civil war The American Civil War and its origins  rd Edition  Alan Farmer The American Civil War   Alan Farmer Battle Cry of Freedom The Civil War Era  James M McPherson The Debate on The American Civil war  Hugh Tullochi also have been watching Ken Burns and The open Yale courses With David Blight but have been told i need to read at least  more books so does anyone have any idea of good books specifically aimed at Lincoln as a war leader,Historians of Reddit do you have names of any good sources discussing Abraham Lincoln as a good war leader XPOST Askreddit,2,askhistorians
isnotclinteastwood,4,0,1rg4bb,1,Hi raskhistorians I was hoping perhaps any of you could point me in the right direction as far as finding articlesjournals about eighteenth century life in England and early America More specifically my paper aims to highlight how movement across the Atlantic impacted peoples issues of identity and liberty In other words I want to know if there are any good resources that highlight the differences between life in England and life in America in the eighteenth century,Need help with researching a topic,1,askhistorians
yargdpirate,3,0,1rg3n8,1,I found the beginning of this articlehttpwwwtechnologyreviewcomnewsthedictatorshipofdata to be intriguing wondering where to look next as my googlefu didnt help me enough,Vietnam War Im looking to investigate the misuse of numbers to determine policy in the Vietnam War Any other leads,1,askhistorians
shawng,1,2,1rg27x,2,To what degree are these factors rooted in the specific historical conditions of the interwar period,What were the major factors that attracted people to socialist and communist parties before WWII,4,askhistorians
hiSoWn,0,0,1rg22h,1,You are a young apprentice blacksmith in London during the late medievalearly renaissance era What would your day look like Would you be poor or relatively selfsufficient Would you simply retire to a dinner of turnips or would you go about town with friends for a drink or see a play Would you be fairly independent Would you have any time off If not sufficiently knowledgeable about the blacksmithing then any contemporary craft or trade would do eg tailor peddler etc I sort of want to get a sense of how much economic freedom the relatively young but employed may have had in that era,What would a day in a life of a medieval craftsperson be like,1,askhistorians
science,1,1,1rin9s,0,httpgodandscienceorgapologeticssciencebiblehtml,Do you think this scientific claims of the Bible were not mentioned anywhere alse or by scientists at the same time,1,askhistorians
chocolatehector,6,2,1ri6rx,0,I am aware that it is to do with socialism in Britian following from the Second World War but apart from that Im struggling to find anything about it help would be greatly appreciated ,What is the forward march model of welfair provision in modern British History,2,askhistorians
efuddy,2,1,1rhmxr,0,Ive read that the Infantry was issued meth for the invasion of Poland as well as the western thrust into France Is this true Were they issued meth on the eastern front as well,How often was Hitlers Wehrmacht issued methamphetamine,1,askhistorians
rlaw,0,1,1rha7c,0,So over this past week Ive heard a number of programs around of course JFKs assassinationin these two things came up that Im interested in this subreddits perspective on That JFKs assassination more or less gave Johnson the cover to push through things like the Voting Rights Act that would otherwise have been a much tougher sell for maybe a decade and That MLKs assassination more or less gave Walter Mondale and George Romney the cover to push through the Fair Housing Act that would otherwise have been a much tougher sell for maybe a decadeI find it interesting to think about these tragic events as having some very unintended consequences that ultimately may have furthered these two mens legacies in ways that might have proved difficult in the moment had they livedThanks,s assassinations as catalysts of social change,1,askhistorians
resro,0,2,1rgpij,0,I am currently writing an essay for my history class and Ive chosen to write about the crime related to prohibition but my final goal is to try to find some direct connections between some gangs or corruption that happened during that time to companies and such that are around today that could potentially have prospered because of their illegal activities during prohibition Does anyone know any examples of this ,Question about prohibition,2,askhistorians
dxt,0,2,1rgp67,0,Its a staple crop and seems to have been common in the ancient world  When and why did people stop farming it and eating it,How come nobody farms and eats millet anymore,1,askhistorians
brianlaukh,0,1,1rgnr5,0,It seems that all Communists countries all adopt the Stalin style of government but with Tito determined to do something differently what did he do that was different than the Soviets And did it succeed in making Yugoslavia any stronger than USSR,How did Tito rule over Yugoslavia as a Communist country,1,askhistorians
savagely,0,2,1rgmeh,0,This was the essay question on my history test and I would like to see an actual historians opinion on it,Was Athenian imperialism inconsistent with Athenian democracy,2,askhistorians
MurkyBurky,0,2,1rg5qa,0,This is a crosspost from a question I posed in a commentA very long time ago I read about the appetite European royalty had for storys from the orient after Marco Polos famed adventure The article I read told of a Rasputin character who would return from the east with amazing objects and remarkable storys of Germanys or whatever it was in the mid s connection to the ancient Aryan people of northern India This Rasputinlike character turned out to be a fraud But the stories he told to hungry ears left a lasting effect on the German psyche and was even purported by the article to fuel Hitlers obsession with the occult Ive searched again but Im unable to find such a storyEDIT tail between legs I got upset about this question being downvoted without comment However after a terse comment reply I was reminded of the politics of running such a useful subreddit and I apologize for any disparaging remarks Ok can we History now ,German History Rasputinlike charlatans Ayranism and Hitlers obsession with the occult Sorry for NatGeo title but its a long question,2,askhistorians
Canuck,0,1,1rg4tz,1,This question has come up beforehttpwwwredditcomrAskHistorianscommentsfsbyopinionsonshirersriseandfallofthethird but I find that answer somewhat vague  it mostly contends that its views differ from historians without actually elaborating on those differencesThe primary issue that seems to arise is opposition to Shirers thesis that German people were complicit in the rise of the Nazi party To me one of the most interesting aspects of Shirers account were the instances of German capitalists and military officials trying to undermine the Wiemar Republic and institute something closer to a monarchy or military autocracy but that ultimately Hitler got the better of them all Obviously Im not able to evaluate the validity of this narrativeSo keeping in mind that Rise and Fall was written for a wide audience and not as academic history what are its faults Id appreciate any specific examples you can point to ,What are specific criticisms of The Rise and Fall of the Third Reich,2,askhistorians
DW,2,4,1rg1jk,1,Im trying to get an idea of any atrocities acts of terror acts of inhumanity that were carried out by colonists against loyalists and the British How did they deal with POW loyalist fighters and Red Coats Were any ever summararily executed What about when attacking townsvillagescities Did the colonists use heavy weapons against civilian areasIn short how did the conduct of the colonists stack up against a civil war like that in Syria or Libya,What  if any  terrorist acts  by todays definition  did colonists commit against the British and Loyalists,5,askhistorians
Apiperofhades,0,2,1rii8a,0,,When and why did Saudi Arabia start banning women from driving,1,askhistorians
shawng,0,3,1rgpwe,0,what was the process in which the Nazi Regime reconstructed the boundary between Germans and nonGermans thus excluding Jews from belonging to the racially pure aryan national community what were the most important factors that made this racial exclusion successful  ,Nazis and the Jews,1,askhistorians
KieronLea,2,4,1rgbec,0,I am sure this has been asked a thousand times but I would like it cleared up as it has always bothered me ,What started WWII and why did the Nazis really hate the Jews,2,askhistorians
fuzzy,33,131,1rgsfl,461,I feel like I hear this alot often the story goes that they had in fact even predicted the return of Quetzalcoatl on precisely the day the Spanish arrived This all sounds like made up sensationalist garbage but its quite an amazing coincidence if its true Thoughts,Is there any truth to the commonly cited fact that the Aztecs believed the Spanish were gods,592,askhistorians
Projektgeist,14,28,1rgdiu,84,What about Argentina made it appealing to travel to versus anywhere else for the Nazis,Why did many Nazi war criminals travel to Argentina after WWII,112,askhistorians
beardsayswhat,3,6,1rhhgp,42,In  by Charles Mann he talks about Japanese samurai stranded in Mexico after the Japanese closed its borders in the s and that some of them took up a trade guarding silver shipments However I cant find any other information on the subjectWas this a real phenomenon Is there any other information about it Would these Samurai have been treated well  What would their daily lives have been like  Would protecting silver shipments have been a high or low status occupation  Would they have tried to return to Japan regardless of the closing of the doorsThanks in advanceEdit for clarity,Were there really Samurai in Mexico,48,askhistorians
VideriQuamEsse,3,13,1ri0sb,52,,When and where did the concept of girlfriendboyfriend ie children still living under their parents deciding who to date on their own come about How did it surpass the strong institution of arranged marriages,65,askhistorians
caffarelli,47,3,1rhwm4,40,Previous weeks Tuesday TriviashttpwwwredditcomrAskHistorianssearchqtitleATuesdayTriviaamprestrictsronampsortnewamptall Todays trivia theme comes to us from a lot of people I think in the last couple of months the mods have removed some form of this question about  or  times from various users so I can take a hint The People have spoken and you want some historical bad words Should wash your mouths with Lifebouy but Ill give you a trivia theme instead  Give us your favorite archaic insult or other offensive word tell us what it means and try to find us a historical example where it was used against someone Note it says ARCHAIC if the word still has the power to offend living people you cant post it but if were all going to have to run to the Oxford English Dictionary to look it up fill my inbox with historys worst NonEnglish words are welcome too  Now come at me thou lilylivered coxcombs and yeasty bluestockings Next week on Tuesday Trivia Put up yer dukes Well be highlighting small fights and scuffles in history including duels feuds and other small and relatively unimportant dustups ,Tuesday Trivia   Historys Lost Insults and Swears,43,askhistorians
hotassstormtrooper,3,4,1rhbz2,29,,What was the relationship between the Eastern and Western Roman empires after the big Roman empire spilt up,33,askhistorians
Darthmizener,12,10,1rgfb6,21,I know that Russia had to back out of WWI to deal with its revolution and I know that it was a fullon Stalinist nation by WWII What happened in between,What was going on in Russia between the Russian Revolution and WWII,31,askhistorians
KuanX,6,7,1rht7u,27,Prior to World War II a portion of presentday Poland was German territory So was the territory of presentday Kaliningrad Oblast  A quick Wikipedia search suggests that people considered or considering themselves Germans do not make up a very large portion of the population of either Poland or Kaliningrad  What happened to the Germans living in these places  ,What happened to the ethnic Germans living in areas that Germany lost following World War II,34,askhistorians
Artrw,0,2,1rg8gs,20,I am referring to the period of the Mozambican Civil War through the signing of the Rome General Peace Accords and slightly after to keep in conjunction with the year rule,What was Joaquim Chissanos relationship with RENAMO,22,askhistorians
QuartzNQuarks,6,4,1rg0qy,17,From what Ive heard the population of France used to represent over th of Europes population and slid to about th in the th century and the population hovered at around  million until the Industrial Revolution Ive read that Frances growth during the th and th centuries is far smaller than would be expected with a growth rate around  percent while Germany and Britain had about  growth rates What are the major reasons for this discrepancy and what would the size of Frances population be if it had growth rates similar to Britain and GermanyEdit Please feel free to correct grammar mistakes or factual errors if there are any thanks,Why did Industrial Era France have a smaller population boom compared to the other European nations,21,askhistorians
goddamnitcletus,3,4,1ri0we,15,Given the fact that Thanksgiving is coming up quite shortly I thought I would ask this I know that Turkey wasnt eaten at this meal but rather some kind of fowl What else was eaten What did the natives bring if anything What did the pilgrims bring and make,What was eaten at the original Thanksgiving Feast,19,askhistorians
Ceicj,2,3,1rhq6j,15,,Whats the history behind England and Wales rivalry,18,askhistorians
curseofkintave,1,2,1rhnex,15,Specifically are there any books that go into detail about the desertdwelling people of Southern California and the Mojave and Colorado Deserts Ive been able to find very little information on them aside from the occasional paragraph on a Park Service website that mention what they ate or what they would have huntedActually since Im on the subject Id love to learn about more the Tongva the Serrano and other people who lived in Southern California as well,Where could I look to learn more about the indigenous people of the California deserts such as the Chemehuevi,17,askhistorians
noluckyno,2,3,1rhh7d,12,Blackbeard had only been in command of his own ship for a short while and became one of the most famous pirates of all time How did he accomplish this so quickly Why was he so feared and dose this fear hold any merit ,What allowed the pirate Blackbeard to become so successful and feared,15,askhistorians
WeAreLegion,14,17,1rgkpc,13,,Why was Israel not prevented from obtaining the bomb in the same way Iran was,30,askhistorians
halconerocanadiense,2,2,1rh3gw,10,We were discussing symbols commonly taken by feminist movements in class today and one that came up was the portrayal of the Indigenous american woman as a leader firekeeper and head of her tribeHow common was matriarchy Is the depiction accurate,Was matriarchy commonly practiced among Indigenous Americans,12,askhistorians
owentheo,19,6,1rg6xc,10,What are the general guidelines of Fascism how did it come about how has it been reflected in history and maybe cast in a bad light due to historical events,What is Fascism and is it bad,16,askhistorians
KatsumotoKurier,5,2,1rhbey,9,One of my high school textbooks listed the Catholics as a group which were discriminated against by the Nazis With the majority of Austrians being Catholic as well as southern Germans how would this type of discrimination be possibleOn the other hand I told my teacher who is  Austrian and has his PhD on WW and he said this was illogical He agreed with me that Catholicism was and still is very prevalent in Europe Also as far as Im aware Hitler was raised Catholic I could of course be wrongPlease help me fill in the blanks and connect the dotsThank you in advanced,Is it true that the Nazis discriminated against Catholics I have heard both yes and no to this and Im looking for the answer Also in the Nazi German society what religion was foremost and most ideal,11,askhistorians
bbqroast,2,0,1rgw4k,7,I remember reading something about a man probably only a few centuries ago who tried to build a rocket which would hit the Moon It was very basic only a small solid rocket that probably barely got above the cloud layers I believe he was ridiculed in a paper afterwards for his conceited attemptWould anyone be able to shed some light on who he was,Who was the man who made a failed attempt to build a Moon rocket,7,askhistorians
yupko,1,2,1rgf9u,4,,Why do portraits of most Chinese emperors look fat,6,askhistorians
hyasbawlz,0,3,1rggll,4,As the title states was the New Deal demonized in a similar way as the Affordable Care Act by conservatives if not more as it was a much more radical change,Was the New Deal as demonized as the Affordable Care Act,7,askhistorians
DrJeXX,1,2,1rg64n,3,I know that Louisiana was a major slave region after its founding in  and that there were three different rulers in New Orleans France gives it to Spain in  who then gives it back in  and then sold to America in  but did they all treat their slaves the same or were certain rulers policies kindermeaner toward the treatment of slaves ,New World Historians I hate that term What differed about slavery in New Orleans during the various regime changes FrancegtSpaingtFrancegtAmerica,5,askhistorians
